-- phpMyAdmin SQL Dump
-- version 5.2.1
-- https://www.phpmyadmin.net/
--
-- Hôte : 127.0.0.1:3306
-- Généré le : ven. 02 août 2024 à 16:59
-- Version du serveur : 8.3.0
-- Version de PHP : 8.2.18

SET SQL_MODE = "NO_AUTO_VALUE_ON_ZERO";
START TRANSACTION;
SET time_zone = "+00:00";


/*!40101 SET @OLD_CHARACTER_SET_CLIENT=@@CHARACTER_SET_CLIENT */;
/*!40101 SET @OLD_CHARACTER_SET_RESULTS=@@CHARACTER_SET_RESULTS */;
/*!40101 SET @OLD_COLLATION_CONNECTION=@@COLLATION_CONNECTION */;
/*!40101 SET NAMES utf8mb4 */;

--
-- Base de données : `tifosi`
--
CREATE DATABASE IF NOT EXISTS `tifosi` DEFAULT CHARACTER SET utf8mb4 COLLATE utf8mb4_0900_ai_ci;
USE `tifosi`;

-- --------------------------------------------------------

--
-- Structure de la table `achete`
--

DROP TABLE IF EXISTS `achete`;
CREATE TABLE IF NOT EXISTS `achete` (
  `jour` date NOT NULL,
  `num_client` int NOT NULL,
  `num_focaccia` int NOT NULL,
  KEY `num_client` (`num_client`),
  KEY `foccacia` (`num_focaccia`)
) ENGINE=InnoDB DEFAULT CHARSET=utf8mb4 COLLATE=utf8mb4_0900_ai_ci;

-- --------------------------------------------------------

--
-- Structure de la table `boisson`
--

DROP TABLE IF EXISTS `boisson`;
CREATE TABLE IF NOT EXISTS `boisson` (
  `id_boisson` int NOT NULL AUTO_INCREMENT,
  `nom_boisson` varchar(45) NOT NULL,
  `num_marque` int NOT NULL,
  PRIMARY KEY (`id_boisson`),
  KEY `num_marque` (`num_marque`)
) ENGINE=InnoDB AUTO_INCREMENT=13 DEFAULT CHARSET=utf8mb4 COLLATE=utf8mb4_0900_ai_ci;

--
-- Déchargement des données de la table `boisson`
--

INSERT INTO `boisson` (`id_boisson`, `nom_boisson`, `num_marque`) VALUES
(1, 'Coca-cola zéro', 1),
(2, 'Coca-cola original', 1),
(3, 'Fanta citron', 1),
(4, 'Fanta orange', 1),
(5, 'Capri-sun', 1),
(6, 'Pepsi', 4),
(7, 'Pepsi Max Zéro', 4),
(8, 'Lipton zéro citron', 4),
(9, 'Lipton Peach', 4),
(10, 'Monster energy ultra gold', 3),
(11, 'Monster energy ultra blue', 3),
(12, 'Eau de source ', 2);

-- --------------------------------------------------------

--
-- Structure de la table `client`
--

DROP TABLE IF EXISTS `client`;
CREATE TABLE IF NOT EXISTS `client` (
  `id_client` int NOT NULL,
  `nom_client` varchar(45) NOT NULL,
  `age` int NOT NULL,
  `cp_client` int NOT NULL,
  KEY `id_client` (`id_client`)
) ENGINE=InnoDB DEFAULT CHARSET=utf8mb4 COLLATE=utf8mb4_0900_ai_ci;

-- --------------------------------------------------------

--
-- Structure de la table `focaccia`
--

DROP TABLE IF EXISTS `focaccia`;
CREATE TABLE IF NOT EXISTS `focaccia` (
  `id_focaccia` int NOT NULL,
  `nom_focaccia` varchar(45) NOT NULL,
  `prix_focaccia` float NOT NULL,
  PRIMARY KEY (`id_focaccia`)
) ENGINE=InnoDB DEFAULT CHARSET=utf8mb4 COLLATE=utf8mb4_0900_ai_ci;

--
-- Déchargement des données de la table `focaccia`
--

INSERT INTO `focaccia` (`id_focaccia`, `nom_focaccia`, `prix_focaccia`) VALUES
(1, 'Mozaccia', 9.8),
(2, 'Gorgonzollaccia', 10.8),
(3, 'Raclaccia', 8.9),
(4, 'Emmentalaccia', 9.8),
(5, 'Tradizione', 8.9),
(6, 'Hawaienne', 11.2),
(7, 'Américaine', 10.8),
(8, 'Paysanne', 12.8);

-- --------------------------------------------------------

--
-- Structure de la table `focaccia_ingredient`
--

DROP TABLE IF EXISTS `focaccia_ingredient`;
CREATE TABLE IF NOT EXISTS `focaccia_ingredient` (
  `num_focaccia` int NOT NULL,
  `num_ingredient` int NOT NULL,
  KEY `num_focaccia` (`num_focaccia`),
  KEY `num_ingredient` (`num_ingredient`)
) ENGINE=InnoDB DEFAULT CHARSET=utf8mb4 COLLATE=utf8mb4_0900_ai_ci;

--
-- Déchargement des données de la table `focaccia_ingredient`
--

INSERT INTO `focaccia_ingredient` (`num_focaccia`, `num_ingredient`) VALUES
(1, 5),
(1, 25),
(1, 9),
(1, 13),
(1, 1),
(1, 3),
(1, 7),
(1, 18),
(1, 20),
(1, 16),
(2, 5),
(2, 11),
(2, 9),
(2, 1),
(2, 7),
(2, 18),
(2, 20),
(2, 16),
(3, 5),
(3, 22),
(3, 9),
(3, 1),
(3, 7),
(3, 18),
(3, 20),
(4, 6),
(4, 10),
(4, 9),
(4, 7),
(4, 18),
(4, 20),
(4, 15),
(5, 5),
(5, 25),
(5, 9),
(5, 12),
(5, 7),
(5, 18),
(5, 20),
(5, 16),
(5, 17),
(6, 5),
(6, 25),
(6, 9),
(6, 4),
(6, 2),
(6, 19),
(6, 18),
(6, 20),
(6, 16),
(7, 5),
(7, 25),
(7, 9),
(7, 4),
(7, 21),
(7, 18),
(7, 20),
(7, 16),
(8, 6),
(8, 8),
(8, 9),
(8, 21),
(8, 13),
(8, 1),
(8, 3),
(8, 7),
(8, 18),
(8, 20),
(8, 16),
(8, 14);

-- --------------------------------------------------------

--
-- Structure de la table `ingredient`
--

DROP TABLE IF EXISTS `ingredient`;
CREATE TABLE IF NOT EXISTS `ingredient` (
  `id_ingredient` int NOT NULL AUTO_INCREMENT,
  `nom_ingredient` varchar(45) NOT NULL,
  PRIMARY KEY (`id_ingredient`)
) ENGINE=InnoDB AUTO_INCREMENT=26 DEFAULT CHARSET=utf8mb4 COLLATE=utf8mb4_0900_ai_ci;

--
-- Déchargement des données de la table `ingredient`
--

INSERT INTO `ingredient` (`id_ingredient`, `nom_ingredient`) VALUES
(1, 'Ail'),
(2, 'Ananas'),
(3, 'Artichaut'),
(4, 'Bacon'),
(5, 'Base Tomate'),
(6, 'Base crème'),
(7, 'Champignon'),
(8, 'Chevre'),
(9, 'Cresson'),
(10, 'Emmental'),
(11, 'Gorgonzola'),
(12, 'Jambon cuit'),
(13, 'Jambon fumé'),
(14, 'Oeuf'),
(15, 'Oignon'),
(16, 'Olive noire'),
(17, 'Olive verte'),
(18, 'Parmesan'),
(19, 'Piment'),
(20, 'Poivre'),
(21, 'Pomme de terre'),
(22, 'Raclette'),
(23, 'Salami'),
(24, 'Tomate cerise'),
(25, 'Mozzarella');

-- --------------------------------------------------------

--
-- Structure de la table `marque`
--

DROP TABLE IF EXISTS `marque`;
CREATE TABLE IF NOT EXISTS `marque` (
  `id_marque` int NOT NULL AUTO_INCREMENT,
  `nom_marque` varchar(45) NOT NULL,
  PRIMARY KEY (`id_marque`)
) ENGINE=InnoDB AUTO_INCREMENT=5 DEFAULT CHARSET=utf8mb4 COLLATE=utf8mb4_0900_ai_ci;

--
-- Déchargement des données de la table `marque`
--

INSERT INTO `marque` (`id_marque`, `nom_marque`) VALUES
(1, 'Coca-cola'),
(2, 'Cristalline'),
(3, 'Monster'),
(4, 'Pepsico');

-- --------------------------------------------------------

--
-- Structure de la table `menu`
--

DROP TABLE IF EXISTS `menu`;
CREATE TABLE IF NOT EXISTS `menu` (
  `id_menu` int NOT NULL AUTO_INCREMENT,
  `nom_menu` int NOT NULL,
  `num_focaccia` int NOT NULL,
  PRIMARY KEY (`id_menu`),
  KEY `num_focaccia` (`num_focaccia`)
) ENGINE=InnoDB DEFAULT CHARSET=utf8mb4 COLLATE=utf8mb4_0900_ai_ci;

-- --------------------------------------------------------

--
-- Structure de la table `menu_boisson`
--

DROP TABLE IF EXISTS `menu_boisson`;
CREATE TABLE IF NOT EXISTS `menu_boisson` (
  `num_boisson` int NOT NULL,
  `num_menu` int NOT NULL,
  KEY `num_boisson` (`num_boisson`),
  KEY `num_menu` (`num_menu`)
) ENGINE=InnoDB DEFAULT CHARSET=utf8mb4 COLLATE=utf8mb4_0900_ai_ci;

-- --------------------------------------------------------

--
-- Structure de la table `paye`
--

DROP TABLE IF EXISTS `paye`;
CREATE TABLE IF NOT EXISTS `paye` (
  `jour` date NOT NULL,
  `num_client` int NOT NULL,
  `num_menu` int NOT NULL,
  KEY `num_client` (`num_client`),
  KEY `num_menu` (`num_menu`)
) ENGINE=InnoDB DEFAULT CHARSET=utf8mb4 COLLATE=utf8mb4_0900_ai_ci;

--
-- Contraintes pour les tables déchargées
--

--
-- Contraintes pour la table `achete`
--
ALTER TABLE `achete`
  ADD CONSTRAINT `client` FOREIGN KEY (`num_client`) REFERENCES `client` (`id_client`) ON DELETE CASCADE ON UPDATE CASCADE,
  ADD CONSTRAINT `foccacia` FOREIGN KEY (`num_focaccia`) REFERENCES `focaccia` (`id_focaccia`) ON DELETE CASCADE ON UPDATE CASCADE;

--
-- Contraintes pour la table `boisson`
--
ALTER TABLE `boisson`
  ADD CONSTRAINT `boisson_ibfk_1` FOREIGN KEY (`num_marque`) REFERENCES `marque` (`id_marque`);

--
-- Contraintes pour la table `focaccia_ingredient`
--
ALTER TABLE `focaccia_ingredient`
  ADD CONSTRAINT `focaccia_ingredient_ibfk_1` FOREIGN KEY (`num_focaccia`) REFERENCES `focaccia` (`id_focaccia`) ON DELETE CASCADE ON UPDATE CASCADE,
  ADD CONSTRAINT `focaccia_ingredient_ibfk_2` FOREIGN KEY (`num_ingredient`) REFERENCES `ingredient` (`id_ingredient`) ON DELETE CASCADE ON UPDATE CASCADE;

--
-- Contraintes pour la table `menu`
--
ALTER TABLE `menu`
  ADD CONSTRAINT `menu_ibfk_1` FOREIGN KEY (`num_focaccia`) REFERENCES `focaccia` (`id_focaccia`) ON DELETE CASCADE ON UPDATE CASCADE;

--
-- Contraintes pour la table `menu_boisson`
--
ALTER TABLE `menu_boisson`
  ADD CONSTRAINT `menu_boisson_ibfk_1` FOREIGN KEY (`num_boisson`) REFERENCES `boisson` (`id_boisson`) ON DELETE CASCADE ON UPDATE CASCADE,
  ADD CONSTRAINT `menu_boisson_ibfk_2` FOREIGN KEY (`num_menu`) REFERENCES `menu` (`id_menu`) ON DELETE CASCADE ON UPDATE CASCADE;

--
-- Contraintes pour la table `paye`
--
ALTER TABLE `paye`
  ADD CONSTRAINT `paye_ibfk_1` FOREIGN KEY (`num_client`) REFERENCES `client` (`id_client`) ON DELETE CASCADE ON UPDATE CASCADE,
  ADD CONSTRAINT `paye_ibfk_2` FOREIGN KEY (`num_menu`) REFERENCES `menu` (`id_menu`) ON DELETE CASCADE ON UPDATE CASCADE;
COMMIT;

/*!40101 SET CHARACTER_SET_CLIENT=@OLD_CHARACTER_SET_CLIENT */;
/*!40101 SET CHARACTER_SET_RESULTS=@OLD_CHARACTER_SET_RESULTS */;
/*!40101 SET COLLATION_CONNECTION=@OLD_COLLATION_CONNECTION */;
